<?xml version="1.0" encoding="UTF-8"?><rss version="2.0"
	xmlns:content="http://purl.org/rss/1.0/modules/content/"
	xmlns:wfw="http://wellformedweb.org/CommentAPI/"
	xmlns:dc="http://purl.org/dc/elements/1.1/"
	xmlns:atom="http://www.w3.org/2005/Atom"
	xmlns:sy="http://purl.org/rss/1.0/modules/syndication/"
	xmlns:slash="http://purl.org/rss/1.0/modules/slash/"
	>

<channel>
	<title>medicine &#8211; Manjur Rosid</title>
	<atom:link href="./index.html" rel="self" type="application/rss+xml" />
	<link>./../../../index.html</link>
	<description>Divi Specialist Web Designer &#38; Developer</description>
	<lastBuildDate>Thu, 20 Oct 2022 04:56:49 +0000</lastBuildDate>
	<language>en-US</language>
	<sy:updatePeriod>
	hourly	</sy:updatePeriod>
	<sy:updateFrequency>
	1	</sy:updateFrequency>
	<generator>https://wordpress.org/?v=6.2.2</generator>
	<item>
		<title>Medicine e-commerce website in Shopify</title>
		<link>./../../../project/medicine-e-commerce-website-in-shopify/index.html</link>
					<comments>./../../../project/medicine-e-commerce-website-in-shopify/index.html#respond</comments>
		
		<dc:creator><![CDATA[manjurrosid]]></dc:creator>
		<pubDate>Wed, 05 Oct 2022 09:21:07 +0000</pubDate>
				<guid isPermaLink="false">https://www.manjurr.dev/?post_type=project&#038;p=740</guid>

					<description><![CDATA[Single Product page Know You Wellness is a company devoted to women that want to take charge of their fertility! We show you how to get in tune with your body and provide you with the products and information you need to get pregnant, stay pregnant, and have the best pregnancy ever!]]></description>
		
					<wfw:commentRss>./../../../project/medicine-e-commerce-website-in-shopify/feed/index.html</wfw:commentRss>
			<slash:comments>0</slash:comments>
		
		
			</item>
	</channel>
</rss>
