<?xml version="1.0" encoding="UTF-8"?><rss version="2.0"
	xmlns:content="http://purl.org/rss/1.0/modules/content/"
	xmlns:wfw="http://wellformedweb.org/CommentAPI/"
	xmlns:dc="http://purl.org/dc/elements/1.1/"
	xmlns:atom="http://www.w3.org/2005/Atom"
	xmlns:sy="http://purl.org/rss/1.0/modules/syndication/"
	xmlns:slash="http://purl.org/rss/1.0/modules/slash/"
	>

<channel>
	<title>kratom &#8211; Manjur Rosid</title>
	<atom:link href="./index.html" rel="self" type="application/rss+xml" />
	<link>./../../../index.html</link>
	<description>Divi Specialist Web Designer &#38; Developer</description>
	<lastBuildDate>Wed, 05 Oct 2022 09:10:35 +0000</lastBuildDate>
	<language>en-US</language>
	<sy:updatePeriod>
	hourly	</sy:updatePeriod>
	<sy:updateFrequency>
	1	</sy:updateFrequency>
	<generator>https://wordpress.org/?v=6.2.2</generator>
	<item>
		<title>Kratom herbal Shopify eCommerce store</title>
		<link>./../../../project/kratom-herbal-shopify-ecommerce-store/index.html</link>
					<comments>./../../../project/kratom-herbal-shopify-ecommerce-store/index.html#respond</comments>
		
		<dc:creator><![CDATA[manjurrosid]]></dc:creator>
		<pubDate>Wed, 05 Oct 2022 08:59:41 +0000</pubDate>
				<guid isPermaLink="false">https://www.manjurr.dev/?post_type=project&#038;p=735</guid>

					<description><![CDATA[Pure Leaf Kratom serves to provide quality kratom that makes a positive difference in the lives of all consumers. Whether you want relief in life, or simply relax, our products enhance your day-to-day, allowing you to pursue your desired lifestyle, no matter what comes your way. Where many brands only cater to a select few, [&#8230;]]]></description>
		
					<wfw:commentRss>./../../../project/kratom-herbal-shopify-ecommerce-store/feed/index.html</wfw:commentRss>
			<slash:comments>0</slash:comments>
		
		
			</item>
	</channel>
</rss>
