<?xml version="1.0" encoding="UTF-8"?><rss version="2.0"
	xmlns:content="http://purl.org/rss/1.0/modules/content/"
	xmlns:wfw="http://wellformedweb.org/CommentAPI/"
	xmlns:dc="http://purl.org/dc/elements/1.1/"
	xmlns:atom="http://www.w3.org/2005/Atom"
	xmlns:sy="http://purl.org/rss/1.0/modules/syndication/"
	xmlns:slash="http://purl.org/rss/1.0/modules/slash/"
	>

<channel>
	<title>health care &#8211; Manjur Rosid</title>
	<atom:link href="./index.html" rel="self" type="application/rss+xml" />
	<link>./../../../index.html</link>
	<description>Divi Specialist Web Designer &#38; Developer</description>
	<lastBuildDate>Sat, 22 Oct 2022 13:35:29 +0000</lastBuildDate>
	<language>en-US</language>
	<sy:updatePeriod>
	hourly	</sy:updatePeriod>
	<sy:updateFrequency>
	1	</sy:updateFrequency>
	<generator>https://wordpress.org/?v=6.2.2</generator>
	<item>
		<title>Mom and Baby Healthcare website landing page design with Divi</title>
		<link>./../../../project/mom-and-baby-healthcare-website-landing-page-design-with-divi/index.html</link>
					<comments>./../../../project/mom-and-baby-healthcare-website-landing-page-design-with-divi/index.html#respond</comments>
		
		<dc:creator><![CDATA[manjurrosid]]></dc:creator>
		<pubDate>Mon, 10 Oct 2022 04:45:00 +0000</pubDate>
				<guid isPermaLink="false">https://www.manjurr.dev/?post_type=project&#038;p=1324</guid>

					<description><![CDATA[]]></description>
		
					<wfw:commentRss>./../../../project/mom-and-baby-healthcare-website-landing-page-design-with-divi/feed/index.html</wfw:commentRss>
			<slash:comments>0</slash:comments>
		
		
			</item>
	</channel>
</rss>
