<?xml version="1.0" encoding="UTF-8"?><rss version="2.0"
	xmlns:content="http://purl.org/rss/1.0/modules/content/"
	xmlns:wfw="http://wellformedweb.org/CommentAPI/"
	xmlns:dc="http://purl.org/dc/elements/1.1/"
	xmlns:atom="http://www.w3.org/2005/Atom"
	xmlns:sy="http://purl.org/rss/1.0/modules/syndication/"
	xmlns:slash="http://purl.org/rss/1.0/modules/slash/"
	>

<channel>
	<title>cupping therapy &#8211; Manjur Rosid</title>
	<atom:link href="./index.html" rel="self" type="application/rss+xml" />
	<link>./../../../index.html</link>
	<description>Divi Specialist Web Designer &#38; Developer</description>
	<lastBuildDate>Sat, 22 Oct 2022 14:05:25 +0000</lastBuildDate>
	<language>en-US</language>
	<sy:updatePeriod>
	hourly	</sy:updatePeriod>
	<sy:updateFrequency>
	1	</sy:updateFrequency>
	<generator>https://wordpress.org/?v=6.2.2</generator>
	<item>
		<title>Hijama cupping therapy booking landing page design</title>
		<link>./../../../project/hijama-cupping-therapy-booking-landing-page-design/index.html</link>
					<comments>./../../../project/hijama-cupping-therapy-booking-landing-page-design/index.html#respond</comments>
		
		<dc:creator><![CDATA[manjurrosid]]></dc:creator>
		<pubDate>Sat, 22 Oct 2022 14:02:03 +0000</pubDate>
				<guid isPermaLink="false">https://www.manjurr.dev/?post_type=project&#038;p=1359</guid>

					<description><![CDATA[Smart solution for hijama, cupping therapists. now you can get a booking automatically, no need to book manually #hijama #cupping #therapy #booking #landing #page #website #wordpress #woocommerce #landingpage #fiverr #upwork #web #website #design #development #webdesign #webdevelopment #freelancing #freelancer]]></description>
		
					<wfw:commentRss>./../../../project/hijama-cupping-therapy-booking-landing-page-design/feed/index.html</wfw:commentRss>
			<slash:comments>0</slash:comments>
		
		
			</item>
	</channel>
</rss>
