<?xml version="1.0" encoding="UTF-8"?><rss version="2.0"
	xmlns:content="http://purl.org/rss/1.0/modules/content/"
	xmlns:wfw="http://wellformedweb.org/CommentAPI/"
	xmlns:dc="http://purl.org/dc/elements/1.1/"
	xmlns:atom="http://www.w3.org/2005/Atom"
	xmlns:sy="http://purl.org/rss/1.0/modules/syndication/"
	xmlns:slash="http://purl.org/rss/1.0/modules/slash/"
	>

<channel>
	<title>wordpress shop &#8211; Manjur Rosid</title>
	<atom:link href="./index.html" rel="self" type="application/rss+xml" />
	<link>./../../../index.html</link>
	<description>Divi Specialist Web Designer &#38; Developer</description>
	<lastBuildDate>Tue, 04 Jul 2023 06:14:05 +0000</lastBuildDate>
	<language>en-US</language>
	<sy:updatePeriod>
	hourly	</sy:updatePeriod>
	<sy:updateFrequency>
	1	</sy:updateFrequency>
	<generator>https://wordpress.org/?v=6.2.2</generator>
	<item>
		<title>Ai website design &#038; development with Divi and Woocommerce</title>
		<link>./../../../project/ai-website-design-development-with-divi-and-woocommerce/index.html</link>
					<comments>./../../../project/ai-website-design-development-with-divi-and-woocommerce/index.html#respond</comments>
		
		<dc:creator><![CDATA[manjurrosid]]></dc:creator>
		<pubDate>Sun, 02 Jul 2023 00:29:17 +0000</pubDate>
				<guid isPermaLink="false">https://www.manjurr.dev/?post_type=project&#038;p=1788</guid>

					<description><![CDATA[]]></description>
		
					<wfw:commentRss>./../../../project/ai-website-design-development-with-divi-and-woocommerce/feed/index.html</wfw:commentRss>
			<slash:comments>0</slash:comments>
		
		
			</item>
		<item>
		<title>Shopify to woocommerce website migration &#038; redesign with Divi theme</title>
		<link>./../../../project/shopify-to-woocommerce-website-migration-redesign-with-divi-theme/index.html</link>
					<comments>./../../../project/shopify-to-woocommerce-website-migration-redesign-with-divi-theme/index.html#respond</comments>
		
		<dc:creator><![CDATA[manjurrosid]]></dc:creator>
		<pubDate>Sun, 02 Jul 2023 00:07:11 +0000</pubDate>
				<guid isPermaLink="false">https://www.manjurr.dev/?post_type=project&#038;p=1781</guid>

					<description><![CDATA[]]></description>
		
					<wfw:commentRss>./../../../project/shopify-to-woocommerce-website-migration-redesign-with-divi-theme/feed/index.html</wfw:commentRss>
			<slash:comments>0</slash:comments>
		
		
			</item>
		<item>
		<title>serve2gether &#124; non-profit organization website</title>
		<link>./../../../project/serve2gether-non-profit-organization-website/index.html</link>
					<comments>./../../../project/serve2gether-non-profit-organization-website/index.html#respond</comments>
		
		<dc:creator><![CDATA[manjurrosid]]></dc:creator>
		<pubDate>Fri, 26 May 2023 14:58:23 +0000</pubDate>
				<guid isPermaLink="false">https://www.manjurr.dev/?post_type=project&#038;p=1756</guid>

					<description><![CDATA[]]></description>
		
					<wfw:commentRss>./../../../project/serve2gether-non-profit-organization-website/feed/index.html</wfw:commentRss>
			<slash:comments>0</slash:comments>
		
		
			</item>
		<item>
		<title>Mobilefreelancingbd.com</title>
		<link>./../../../project/mobilefreelancingbd-com/index.html</link>
					<comments>./../../../project/mobilefreelancingbd-com/index.html#comments</comments>
		
		<dc:creator><![CDATA[manjurrosid]]></dc:creator>
		<pubDate>Sat, 20 May 2023 01:03:33 +0000</pubDate>
				<guid isPermaLink="false">https://www.manjurr.dev/?post_type=project&#038;p=1737</guid>

					<description><![CDATA[]]></description>
		
					<wfw:commentRss>./../../../project/mobilefreelancingbd-com/feed/index.html</wfw:commentRss>
			<slash:comments>2</slash:comments>
		
		
			</item>
		<item>
		<title>Pixetek corporate business website</title>
		<link>./../../../project/pixetek-corporate-business-website/index.html</link>
					<comments>./../../../project/pixetek-corporate-business-website/index.html#respond</comments>
		
		<dc:creator><![CDATA[manjurrosid]]></dc:creator>
		<pubDate>Tue, 17 Jan 2023 14:08:23 +0000</pubDate>
				<guid isPermaLink="false">https://www.manjurr.dev/?post_type=project&#038;p=1537</guid>

					<description><![CDATA[Single Blog Article Course Details &#38; Enroll Job Post]]></description>
		
					<wfw:commentRss>./../../../project/pixetek-corporate-business-website/feed/index.html</wfw:commentRss>
			<slash:comments>0</slash:comments>
		
		
			</item>
		<item>
		<title>Hijama cupping therapy booking landing page design</title>
		<link>./../../../project/hijama-cupping-therapy-booking-landing-page-design/index.html</link>
					<comments>./../../../project/hijama-cupping-therapy-booking-landing-page-design/index.html#respond</comments>
		
		<dc:creator><![CDATA[manjurrosid]]></dc:creator>
		<pubDate>Sat, 22 Oct 2022 14:02:03 +0000</pubDate>
				<guid isPermaLink="false">https://www.manjurr.dev/?post_type=project&#038;p=1359</guid>

					<description><![CDATA[Smart solution for hijama, cupping therapists. now you can get a booking automatically, no need to book manually #hijama #cupping #therapy #booking #landing #page #website #wordpress #woocommerce #landingpage #fiverr #upwork #web #website #design #development #webdesign #webdevelopment #freelancing #freelancer]]></description>
		
					<wfw:commentRss>./../../../project/hijama-cupping-therapy-booking-landing-page-design/feed/index.html</wfw:commentRss>
			<slash:comments>0</slash:comments>
		
		
			</item>
		<item>
		<title>Graphic designer&#8217;s personal branding portfolio website</title>
		<link>./../../../project/graphic-designers-personal-branding-portfolio-website/index.html</link>
					<comments>./../../../project/graphic-designers-personal-branding-portfolio-website/index.html#respond</comments>
		
		<dc:creator><![CDATA[manjurrosid]]></dc:creator>
		<pubDate>Thu, 06 Oct 2022 07:03:07 +0000</pubDate>
				<guid isPermaLink="false">https://www.manjurr.dev/?post_type=project&#038;p=811</guid>

					<description><![CDATA[Portfolio Single Portfolio Blog Single Article / Blog post Course page]]></description>
		
					<wfw:commentRss>./../../../project/graphic-designers-personal-branding-portfolio-website/feed/index.html</wfw:commentRss>
			<slash:comments>0</slash:comments>
		
		
			</item>
		<item>
		<title>T-shirt design selling eCommerce website with wordpress Divi woocommerce</title>
		<link>./../../../project/t-shirt-design-selling-ecommerce-website-with-wordpress-divi-woocommerce/index.html</link>
					<comments>./../../../project/t-shirt-design-selling-ecommerce-website-with-wordpress-divi-woocommerce/index.html#respond</comments>
		
		<dc:creator><![CDATA[manjurrosid]]></dc:creator>
		<pubDate>Wed, 05 Oct 2022 14:23:11 +0000</pubDate>
				<guid isPermaLink="false">https://www.manjurr.dev/?post_type=project&#038;p=782</guid>

					<description><![CDATA[Single product page design]]></description>
		
					<wfw:commentRss>./../../../project/t-shirt-design-selling-ecommerce-website-with-wordpress-divi-woocommerce/feed/index.html</wfw:commentRss>
			<slash:comments>0</slash:comments>
		
		
			</item>
		<item>
		<title>Multi Vendor eCommerce Website with wordpress woocommerce</title>
		<link>./../../../project/multi-vendor-ecommerce-website-with-wordpress-woocommerce/index.html</link>
					<comments>./../../../project/multi-vendor-ecommerce-website-with-wordpress-woocommerce/index.html#respond</comments>
		
		<dc:creator><![CDATA[manjurrosid]]></dc:creator>
		<pubDate>Wed, 05 Oct 2022 10:05:24 +0000</pubDate>
				<guid isPermaLink="false">https://www.manjurr.dev/?post_type=project&#038;p=755</guid>

					<description><![CDATA[]]></description>
		
					<wfw:commentRss>./../../../project/multi-vendor-ecommerce-website-with-wordpress-woocommerce/feed/index.html</wfw:commentRss>
			<slash:comments>0</slash:comments>
		
		
			</item>
		<item>
		<title>Clothing brand fashion shop wordpress ecommerce website</title>
		<link>./../../../project/clothing-brand-fashion-shop-wordpress-ecommerce-website/index.html</link>
					<comments>./../../../project/clothing-brand-fashion-shop-wordpress-ecommerce-website/index.html#respond</comments>
		
		<dc:creator><![CDATA[manjurrosid]]></dc:creator>
		<pubDate>Wed, 05 Oct 2022 09:51:24 +0000</pubDate>
				<guid isPermaLink="false">https://www.manjurr.dev/?post_type=project&#038;p=750</guid>

					<description><![CDATA[Quick View]]></description>
		
					<wfw:commentRss>./../../../project/clothing-brand-fashion-shop-wordpress-ecommerce-website/feed/index.html</wfw:commentRss>
			<slash:comments>0</slash:comments>
		
		
			</item>
	</channel>
</rss>
